target,collocate,exp_local,obs_local,ratio_local,obs_global,p_value,log_dice,t_score,adjusted_p_value
伯夷,叔齐,2.3905711000383287,12,5.01972101972102,54,2.797252707686937e-06,11.830074998557688,2.77400318107572,0.00010909285559979054
伯夷,不留心,0.04426983518589498,1,22.58874458874459,1,0.044269835185149334,9.21864028647534,0.955730164814105,0.044269835185149334
伯夷,闲事,0.04426983518589498,1,22.58874458874459,1,0.044269835185149334,9.21864028647534,0.955730164814105,0.044269835185149334
伯夷,向来,0.13280950555768495,2,15.059163059163058,3,0.0056837516797681896,10.167109985835259,1.3203030603872234,0.044269835185149334
伯夷,脸去,0.04426983518589498,1,22.58874458874459,1,0.044269835185149334,9.21864028647534,0.955730164814105,0.044269835185149334
伯夷,想想看,0.04426983518589498,1,22.58874458874459,1,0.044269835185149334,9.21864028647534,0.955730164814105,0.044269835185149334
伯夷,垂手,0.04426983518589498,1,22.58874458874459,1,0.044269835185149334,9.21864028647534,0.955730164814105,0.044269835185149334
伯夷,床前,0.04426983518589498,1,22.58874458874459,1,0.044269835185149334,9.21864028647534,0.955730164814105,0.044269835185149334
伯夷,扑上去,0.04426983518589498,1,22.58874458874459,1,0.044269835185149334,9.21864028647534,0.955730164814105,0.044269835185149334
伯夷,钻过,0.04426983518589498,1,22.58874458874459,1,0.044269835185149334,9.21864028647534,0.955730164814105,0.044269835185149334
伯夷,比较,0.04426983518589498,1,22.58874458874459,1,0.044269835185149334,9.21864028647534,0.955730164814105,0.044269835185149334
伯夷,突然,0.04426983518589498,1,22.58874458874459,1,0.044269835185149334,9.21864028647534,0.955730164814105,0.044269835185149334
伯夷,一口,0.04426983518589498,1,22.58874458874459,1,0.044269835185149334,9.21864028647534,0.955730164814105,0.044269835185149334
伯夷,余病,0.04426983518589498,1,22.58874458874459,1,0.044269835185149334,9.21864028647534,0.955730164814105,0.044269835185149334
伯夷,第三天,0.04426983518589498,1,22.58874458874459,1,0.044269835185149334,9.21864028647534,0.955730164814105,0.044269835185149334
伯夷,起床,0.04426983518589498,1,22.58874458874459,1,0.044269835185149334,9.21864028647534,0.955730164814105,0.044269835185149334
伯夷,懒得,0.04426983518589498,1,22.58874458874459,1,0.044269835185149334,9.21864028647534,0.955730164814105,0.044269835185149334
伯夷,翻来覆去,0.04426983518589498,1,22.58874458874459,1,0.044269835185149334,9.21864028647534,0.955730164814105,0.044269835185149334
伯夷,床沿,0.04426983518589498,1,22.58874458874459,1,0.044269835185149334,9.21864028647534,0.955730164814105,0.044269835185149334
伯夷,多久,0.04426983518589498,1,22.58874458874459,1,0.044269835185149334,9.21864028647534,0.955730164814105,0.044269835185149334
伯夷,梦话,0.04426983518589498,1,22.58874458874459,1,0.044269835185149334,9.21864028647534,0.955730164814105,0.044269835185149334
伯夷,阔大,0.04426983518589498,1,22.58874458874459,1,0.044269835185149334,9.21864028647534,0.955730164814105,0.044269835185149334
伯夷,自由,0.04426983518589498,1,22.58874458874459,1,0.044269835185149334,9.21864028647534,0.955730164814105,0.044269835185149334
伯夷,倒退,0.04426983518589498,1,22.58874458874459,1,0.044269835185149334,9.21864028647534,0.955730164814105,0.044269835185149334
伯夷,发起,0.04426983518589498,1,22.58874458874459,1,0.044269835185149334,9.21864028647534,0.955730164814105,0.044269835185149334
伯夷,抖来,0.04426983518589498,1,22.58874458874459,1,0.044269835185149334,9.21864028647534,0.955730164814105,0.044269835185149334
伯夷,擎起,0.04426983518589498,1,22.58874458874459,1,0.044269835185149334,9.21864028647534,0.955730164814105,0.044269835185149334
伯夷,看出,0.04426983518589498,1,22.58874458874459,1,0.044269835185149334,9.21864028647534,0.955730164814105,0.044269835185149334
伯夷,饭团,0.04426983518589498,1,22.58874458874459,1,0.044269835185149334,9.21864028647534,0.955730164814105,0.044269835185149334
伯夷,腰痛,0.04426983518589498,1,22.58874458874459,1,0.044269835185149334,9.21864028647534,0.955730164814105,0.044269835185149334
伯夷,腿酸,0.04426983518589498,1,22.58874458874459,1,0.044269835185149334,9.21864028647534,0.955730164814105,0.044269835185149334
伯夷,焦急,0.04426983518589498,1,22.58874458874459,1,0.044269835185149334,9.21864028647534,0.955730164814105,0.044269835185149334
伯夷,身体健壮,0.04426983518589498,1,22.58874458874459,1,0.044269835185149334,9.21864028647534,0.955730164814105,0.044269835185149334
伯夷,太大,0.04426983518589498,1,22.58874458874459,1,0.044269835185149334,9.21864028647534,0.955730164814105,0.044269835185149334
伯夷,刚刚,0.04426983518589498,1,22.58874458874459,1,0.044269835185149334,9.21864028647534,0.955730164814105,0.044269835185149334
伯夷,出口,0.04426983518589498,1,22.58874458874459,1,0.044269835185149334,9.21864028647534,0.955730164814105,0.044269835185149334
伯夷,偶然,0.04426983518589498,1,22.58874458874459,1,0.044269835185149334,9.21864028647534,0.955730164814105,0.044269835185149334
伯夷,还会,0.04426983518589498,1,22.58874458874459,1,0.044269835185149334,9.21864028647534,0.955730164814105,0.044269835185149334
伯夷,想起,0.04426983518589498,1,22.58874458874459,1,0.044269835185149334,9.21864028647534,0.955730164814105,0.044269835185149334
